{
  "pythia-70m": {
    "fp16_ppl": 40.853050231933594,
    "int16_ppl": 41.083465576171875,
    "fp16_sec": 7.915182113647461,
    "int16_sec": 7.174708604812622
  },
  "pythia-160m": {
    "fp16_ppl": 23.492860794067383,
    "int16_ppl": 23.523576736450195,
    "fp16_sec": 11.722913980484009,
    "int16_sec": 11.664715051651001
  },
  "pythia-410m": {
    "fp16_ppl": 13.98147201538086,
    "int16_ppl": 14.172139167785645,
    "fp16_sec": 26.455588817596436,
    "int16_sec": 26.558367252349854
  },
  "pythia-1b": {
    "fp16_ppl": 11.608354568481445,
    "int16_ppl": 11.717874526977539,
    "fp16_sec": 44.495399713516235,
    "int16_sec": 44.769710540771484
  },
  "pythia-1.4b": {
    "fp16_ppl": 10.430562019348145,
    "int16_ppl": 11.389556884765625,
    "fp16_sec": 63.73805332183838,
    "int16_sec": 63.93191862106323
  },
  "pythia-2.8b": {
    "fp16_ppl": 8.998610496520996,
    "int16_ppl": 9.024665832519531,
    "fp16_sec": 126.55709457397461,
    "int16_sec": 126.0849335193634
  },
  "pythia-6.9b": {
    "fp16_ppl": 8.229650497436523,
    "int16_ppl": 8.363943099975586,
    "fp16_sec": 367.8738942146301,
    "int16_sec": 366.93195152282715
  },
  "pythia-12b": {
    "fp16_ppl": 7.601623058319092,
    "int16_ppl": 7.61540412902832,
    "fp16_sec": 634.5379772186279,
    "int16_sec": 635.6553444862366
  }
}