{
  "model": "EleutherAI/pythia-70m",
  "fp16_ppl": 40.886627197265625,
  "fp16_sec": 68.75916528701782,
  "full_laser_ppl": 41.71440124511719,
  "laser_sec": 125.19454956054688,
  "delta_ppl": 0.8277740478515625,
  "K_activation": 32,
  "K_softmax": 16,
  "K_layernorm": 24
}