{
  "silu_input": {
    "L4": {
      "mu": -0.12266436695098877,
      "sigma": 0.24500250733378415,
      "ks": 0.02877294155278598,
      "p_value": 2.1467121729322442e-36
    },
    "L16": {
      "mu": -0.27549870012521743,
      "sigma": 0.49445503810643515,
      "ks": 0.02418660232571071,
      "p_value": 7.673032454906143e-26
    },
    "L28": {
      "mu": -0.28531343792438507,
      "sigma": 0.6949687498508658,
      "ks": 0.04758997631121292,
      "p_value": 7.565675820579026e-99
    }
  },
  "ln2_input": {
    "L4": {
      "mu": 0.000937504186630249,
      "sigma": 0.10280962078526197,
      "ks": 0.09104048047002689,
      "p_value": 0.0
    },
    "L16": {
      "mu": 0.0020472954368591307,
      "sigma": 0.4669484015855913,
      "ks": 0.029570573500156905,
      "p_value": 2.040447943660672e-38
    },
    "L28": {
      "mu": 0.025395137825012206,
      "sigma": 1.6377807201715087,
      "ks": 0.04162642592960186,
      "p_value": 1.0174679388330364e-75
    }
  },
  "softmax_input": {
    "L4": {
      "mu": -2.693149950301647,
      "sigma": 1.7140596914556154,
      "ks": 0.011154581664992724,
      "p_value": 7.833920641384054e-06
    },
    "L16": {
      "mu": -3.1807636578822134,
      "sigma": 2.3073639644052406,
      "ks": 0.02163166015122736,
      "p_value": 9.350968116156012e-21
    },
    "L28": {
      "mu": -4.373461442108154,
      "sigma": 1.9940432444480878,
      "ks": 0.03743457342987888,
      "p_value": 2.580782650427581e-61
    }
  }
}