{
  "model": "EleutherAI/pythia-410m",
  "fp16_ppl": 13.981098175048828,
  "fp16_sec": 468.1345202922821,
  "full_laser_ppl": 13.98781681060791,
  "laser_sec": 954.1710042953491,
  "delta_ppl": 0.006718635559082031,
  "K_activation": 32,
  "K_softmax": 64,
  "K_layernorm": 24
}