{
  "model": "EleutherAI/pythia-70m",
  "fp16_ppl": 40.886627197265625,
  "fp16_sec": 69.14580392837524,
  "full_laser_ppl": 40.86933898925781,
  "laser_sec": 128.3108410835266,
  "delta_ppl": -0.0172882080078125,
  "K_activation": 32,
  "K_softmax": 64,
  "K_layernorm": 24
}