{
  "BSE@FP16_MSE": 8.005053564463793e-11,
  "BSE@FP32_MSE": 1.70361931597405e-16,
  "Rate@16steps_MSE": 2.1024458408355713,
  "TTFS@16steps_MSE": 2.1024458408355713,
  "TTFS@1024steps_MSE": 0.0005056610680185258,
  "Rate@16steps_MSE_unitvar": 0.017767883837223053,
  "TTFS@16steps_MSE_unitvar": 0.017767883837223053
}