{
  "model": "NousResearch/Llama-2-70b-hf",
  "fp16_ppl": 2.964243173599243,
  "int16_ppl": 2.9642491340637207,
  "delta_ppl": 5.9604644775390625e-06,
  "fp16_sec": 1536.2898128032684,
  "int16_sec": 1539.3526751995087
}