{
  "BSE_MSE": 2.2719093273337876e-09,
  "INT16_floor_MSE": 1.4165931760956596e-09,
  "Rate_MSE": 0.19848166406154633
}