{
  "model": "EleutherAI/pythia-70m",
  "fp16_ppl": 40.886627197265625,
  "fp16_sec": 69.37491917610168,
  "full_laser_ppl": 40.860469818115234,
  "laser_sec": 71.25707221031189,
  "delta_ppl": -0.026157379150390625,
  "K_activation": 32,
  "K_softmax": 16,
  "K_layernorm": 24
}