{
  "model": "EleutherAI/pythia-70m",
  "fp16_ppl": 40.886627197265625,
  "fp16_sec": 68.94559860229492,
  "full_laser_ppl": 40.89256286621094,
  "laser_sec": 124.9292848110199,
  "delta_ppl": 0.0059356689453125,
  "K_activation": 32,
  "K_softmax": 64,
  "K_layernorm": 24
}