{
  "model": "EleutherAI/pythia-1.4b",
  "fp16_ppl": 10.431265830993652,
  "fp16_sec": 599.2944519519806,
  "full_laser_ppl": 10.422920227050781,
  "laser_sec": 1130.7222728729248,
  "delta_ppl": -0.008345603942871094,
  "K_activation": 32,
  "K_softmax": 64,
  "K_layernorm": 24
}