{
  "model": "EleutherAI/pythia-70m",
  "fp16_ppl": 40.886627197265625,
  "fp16_sec": 69.15580415725708,
  "full_laser_ppl": 40.89689254760742,
  "laser_sec": 68.41921067237854,
  "delta_ppl": 0.010265350341796875,
  "K_activation": 32,
  "K_softmax": 16,
  "K_layernorm": 24
}