{
  "SiLU_outlier_rate": 0.0025597214698791504,
  "Softmax_outlier_rate": 0.0007699728012084961,
  "SiLU_clip_range": [
    -2.182112455368042,
    1.6758220195770264
  ],
  "Softmax_clip_range": [
    -11.967771530151367,
    5.131750106811523
  ],
  "SiLU": {
    "Ks": [
      4,
      8,
      16,
      32,
      64,
      128
    ],
    "non_uniform_D": [
      0.004621869884431362,
      0.001273985835723579,
      0.0003427068004384637,
      8.979793346952647e-05,
      2.2903021090314724e-05,
      5.862283614987973e-06
    ],
    "uniform_D": [
      0.015539088286459446,
      0.0037130003329366446,
      0.0009240649524144828,
      0.00022980631911195815,
      5.7587905757827684e-05,
      1.4431076124310493e-05
    ],
    "lloyd_closeness": [
      0.002474109269702597,
      0.0017656798222384822,
      0.002679911652611393,
      0.0027632209662433495,
      0.0015562287449302345,
      0.000952094902300315
    ],
    "slope_non_uniform": -1.9268346865167965,
    "slope_non_uniform_std": 0.016586302092049244,
    "slope_uniform": -2.011489697660865,
    "slope_uniform_std": 0.008224527100445668,
    "uniform_over_nonuniform_ratio": [
      3.362078265942195,
      2.914475364498689,
      2.696371800128336,
      2.5591493059241106,
      2.5144239937053796,
      2.4616816708449374
    ]
  },
  "Softmax": {
    "Ks": [
      4,
      8,
      16,
      32,
      64,
      128
    ],
    "non_uniform_D": [
      6.050604133633897e-05,
      2.135665636160411e-05,
      5.482937467604643e-06,
      2.1608843780995812e-06,
      4.841343184125435e-07,
      2.0500938546774705e-07
    ],
    "uniform_D": [
      0.000271549477474764,
      7.27244041627273e-05,
      1.8710717995418236e-05,
      4.289390290068695e-06,
      1.2361017525108764e-06,
      3.4891095879174827e-07
    ],
    "lloyd_closeness": [
      0.027653820536931516,
      0.01514375656709695,
      0.009982027198389358,
      0.007547038059745818,
      0.0055983900793050954,
      0.004131311681898938
    ],
    "slope_non_uniform": -1.6788273754447618,
    "slope_non_uniform_std": 0.05772785920447179,
    "slope_uniform": -1.9366123772720611,
    "slope_uniform_std": 0.02914443909465562,
    "uniform_over_nonuniform_ratio": [
      4.487972960671543,
      3.405233615758049,
      3.4125353619238843,
      1.9850161043049686,
      2.55322067760865,
      1.7019267581124495
    ]
  }
}